[
  {
    "id": 432,
    "entryDate": 1663077600000,
    "entryOriginal": "<p>Xray Right Ankle</p><p>Ankle fracture, plate in situ</p>",
    "entryFinal": "<p style=\"margin: 2px 0;\">Xray Right Ankle Ankle fracture, plate in situ</p>",
    "relevant": "Relevant",
    "handwritten": "false",
    "tieSplitter": "500",
    "bookItemId": 192,
    "courtBookId": 11450
  },
  {
    "id": 434,
    "entryDate": 1666789200000,
    "entryOriginal": "<p>Subsequent recovery plan sent</p>",
    "entryFinal": "<p style=\"margin: 2px 0;\">Subsequent recovery plan sent</p>",
    "relevant": "Relevant",
    "handwritten": "false",
    "tieSplitter": "500",
    "bookItemId": 194,
    "courtBookId": 11450
  },
  {
    "id": 424,
    "entryDate": 1651413600000,
    "entryOriginal": "<p>Xray Ankle Right </p><p>There is a Weber B fracture of the fibula and an intra-articular fracture of the medial malleolus. There is minor angulation at the fibular fracture site and minor medial displacement of the separated medial malleolar fragment. There has been very little change in the position of the fragments since the previous examination of the same day.</p>",
    "entryFinal": "<p style=\"margin: 2px 0;\">Xray Ankle Right There is a Weber B fracture of the fibula and an intra-articular fracture of the medial malleolus. There is minor angulation at the fibular fracture site and minor medial displacement of the separated medial malleolar fragment. There has been very little change in the position of the fragments since the previous examination of the same day.</p>\n<br>",
    "relevant": "Relevant",
    "handwritten": "false",
    "tieSplitter": "500",
    "bookItemId": 181,
    "courtBookId": 11450
  },
  {
    "id": 425,
    "entryDate": 1652277600000,
    "entryOriginal": "<p>Right Ankle bimaleolar fracture plate and screws</p>",
    "entryFinal": "<p style=\"margin: 2px 0;\">Right Ankle bimaleolar fracture plate and screws</p>",
    "relevant": "Relevant",
    "handwritten": "false",
    "tieSplitter": "500",
    "bookItemId": 183,
    "courtBookId": 11450
  },
  {
    "id": 428,
    "entryDate": 1652709600000,
    "entryOriginal": "<p>Assessed cast and released an extra dressing he placed which has improved his pain. </p><p>Advised if he has increase pain or swelling or any change in colour/sensation to present to ED for review.</p>",
    "entryFinal": "<p style=\"margin: 2px 0;\">Assessed cast and released an extra dressing he placed which has improved his pain.</p>\n<br>\n<p style=\"margin: 2px 0;\">Advised if he has increase pain or swelling or any change in colour/sensation to present to ED for review.</p>",
    "relevant": "Relevant",
    "handwritten": "false",
    "tieSplitter": "501",
    "bookItemId": 186,
    "courtBookId": 11450
  },
  {
    "id": 423,
    "entryDate": 1651759200000,
    "entryOriginal": "<p>Right ankle bimaleolar fracture. Operated on.</p><p>Discharged from hospital the following day in a medically stable condition. \\n</p>",
    "entryFinal": "<p style=\"margin: 2px 0;\">Right ankle bimaleolar fracture. Operated on.</p>\n<br>\n<p style=\"margin: 2px 0;\">Discharged from hospital the following day in a medically stable condition. \\n</p>",
    "relevant": "Relevant",
    "handwritten": "false",
    "tieSplitter": "500",
    "bookItemId": 181,
    "courtBookId": 11450
  },
  {
    "id": 427,
    "entryDate": 1652709600000,
    "entryOriginal": "<p>Presented for opiate dependence following an ankle fracture </p><p>was in a MVA fractured ankle \\nhad surgery performed by Dr Dave \\ntaking targin TDS \\nNOT using a crutches and is weight bearing on the cast \\nexplained this is why he is in pain \\nadvised not to use so much pain control as he has a history of drug addiction</p>",
    "entryFinal": "<p style=\"margin: 2px 0;\">Presented for opiate dependence following an ankle fracture was in a MVA fractured ankle \\nhad surgery performed by Dr Dave \\ntaking targin TDS \\nNOT using a crutches and is weight bearing on the cast \\nexplained this is why he is in pain \\nadvised not to use so much pain control as he has a history of drug addiction</p>",
    "relevant": "Relevant",
    "handwritten": "false",
    "tieSplitter": "500",
    "bookItemId": 185,
    "courtBookId": 11450
  },
  {
    "id": 426,
    "entryDate": 1652796000000,
    "entryOriginal": "<p>No current capacity for any work from 17/05/2022 to 17/06/2022</p>",
    "entryFinal": "<p style=\"margin: 2px 0;\">No current capacity for any work from 17/05/2022 to 17/06/2022</p>",
    "relevant": "Not Relevant",
    "handwritten": "false",
    "tieSplitter": "500",
    "bookItemId": 184,
    "courtBookId": 11450
  },
  {
    "id": 439,
    "entryDate": 1688911200000,
    "entryOriginal": "<p>No capacity for pre-accident 'other' activities </p><p>To commence physiotherapy sessions within the next 3-4 months</p>",
    "entryFinal": "<p style=\"margin: 2px 0;\">No capacity for pre-accident 'other' activities To commence physiotherapy sessions within the next 3-4 months</p>",
    "relevant": "Relevant",
    "handwritten": "false",
    "tieSplitter": "500",
    "bookItemId": 201,
    "courtBookId": 11450
  },
  {
    "id": 440,
    "entryDate": 1696251600000,
    "entryOriginal": "<p>No capacity for pre-accident 'other' activities </p><p></p>",
    "entryFinal": "<p style=\"margin: 2px 0;\">No capacity for pre-accident 'other' activities</p>",
    "relevant": "Relevant",
    "handwritten": "false",
    "tieSplitter": "500",
    "bookItemId": 202,
    "courtBookId": 11450
  },
  {
    "id": 442,
    "entryDate": 1652709600000,
    "entryOriginal": "<p>Has no current capacity for any work from 17/05/2022 to 17/06/2022</p>",
    "entryFinal": "<p style=\"margin: 2px 0;\">Has no current capacity for any work from 17/05/2022 to 17/06/2022</p>",
    "relevant": "Relevant",
    "handwritten": "false",
    "tieSplitter": "502",
    "bookItemId": 206,
    "courtBookId": 11450
  },
  {
    "id": 422,
    "entryDate": 1650463200000,
    "entryOriginal": "<p>Code 9 by compression.</p><p>Front seat occupant - wearing seatbelt - heading home after completing a tiling job Had taken medication for pain prior to the accident and was drowsy at impact - not recalling events \\nHigh speed impact into power pole - shearing it in two. \\nNot tolerating c - collar. Supported manually with rolled blanket \\nCut from vehicle by ses rescue crew, trapped for approx 45 minutes. Was agitated on scene\\nKetamine for pain as IV access was difficult. Another dose of ketamine administered enroute due to lengthy transport time</p>",
    "entryFinal": "<p style=\"margin: 2px 0;\">Code 9 by compression.</p>\n<br>\n<p style=\"margin: 2px 0;\">Front seat occupant - wearing seatbelt - heading home after completing a tiling job Had taken medication for pain prior to the accident and was drowsy at impact - not recalling events \\nHigh speed impact into power pole - shearing it in two. \\nNot tolerating c - collar. Supported manually with rolled blanket \\nCut from vehicle by ses rescue crew, trapped for approx 45 minutes. Was agitated on scene\\nKetamine for pain as IV access was difficult. Another dose of ketamine administered enroute due to lengthy transport time</p>",
    "relevant": "Relevant",
    "handwritten": "false",
    "tieSplitter": "500",
    "bookItemId": 180,
    "courtBookId": 11450
  },
  {
    "id": 429,
    "entryDate": 1652796000000,
    "entryOriginal": "<p>Presents to ED trequesting plaster change-states uncomfortable/tight</p><p> Plaster not obviously tight\\n Nil signs of compartment syndrome\\n Peripheral circulation intact</p>",
    "entryFinal": "<p style=\"margin: 2px 0;\">Presents to ED trequesting plaster change-states uncomfortable/tight Plaster not obviously tight\\n Nil signs of compartment syndrome\\n Peripheral circulation intact</p>",
    "relevant": "Relevant",
    "handwritten": "false",
    "tieSplitter": "501",
    "bookItemId": 188,
    "courtBookId": 11450
  },
  {
    "id": 430,
    "entryDate": 1653919200000,
    "entryOriginal": "<p>Patient in jail again </p><p>Has a fractued ankle in cast \\nOn clexane and analgesia \\nSeeing physical therapist and doctors in jail</p>",
    "entryFinal": "<p style=\"margin: 2px 0;\">Patient in jail again Has a fractued ankle in cast \\nOn clexane and analgesia \\nSeeing physical therapist and doctors in jail</p>",
    "relevant": "Relevant",
    "handwritten": "false",
    "tieSplitter": "500",
    "bookItemId": 190,
    "courtBookId": 11450
  },
  {
    "id": 431,
    "entryDate": 1659535200000,
    "entryOriginal": "<p>Right ankle pain</p><p>Unclear recovery time -  went to jail during recovery phase\\nFailed to return for followup treatment since May</p>",
    "entryFinal": "<p style=\"margin: 2px 0;\">Right ankle pain Unclear recovery time -  went to jail during recovery phase\\nFailed to return for followup treatment since May</p>",
    "relevant": "Relevant",
    "handwritten": "false",
    "tieSplitter": "500",
    "bookItemId": 191,
    "courtBookId": 11450
  },
  {
    "id": 438,
    "entryDate": 1682258400000,
    "entryOriginal": "<p>MRI RIGHT ANKLE AND MRI LUMBAR SPINE </p><p> The Achilles tendon defines normally. Normal plantar fascia. There is an os trigonum without evidence of a stress reaction of the synchondrosis. No evidence of posterior impingernent. \\nIt is difficult to assess the ankle joint and talar dome due to the artefact. There is no midfoot arthropathy\\n The peroneal tendons are grossly intact.\\n The tibialis posterior, flexor digitorum and flexor hallucis longus tendons appear intact. Tibialis anterior, extensor hallucis and extensor digitorum are intact I cannot assess the distal syndesmotic ligaments. There is marked thinning and attenuation of the lateral ligament complex consistent with a high-grade partial thickness injury. The deltoid ligaments are difficult to assess. The spring ligament is intact. Intact talocalcaneal ligaments. No evidence of sinus tarsi syndrome.</p>",
    "entryFinal": "<br>\n<p style=\"margin: 2px 0;\"><strong>MRI RIGHT ANKLE AND MRI LUMBAR SPINE</strong></p>\n<p style=\"margin: 2px 0;\">The Achilles tendon defines normally. Normal plantar fascia. There is an os trigonum without evidence of a stress reaction of the synchondrosis. No evidence of posterior impingernent. \\nIt is difficult to assess the ankle joint and talar dome due to the artefact. There is no midfoot arthropathy\\n The peroneal tendons are grossly intact.\\n The tibialis posterior, flexor digitorum and flexor hallucis longus tendons appear intact. Tibialis anterior, extensor hallucis and extensor digitorum are intact I cannot assess the distal syndesmotic ligaments. There is marked thinning and attenuation of the lateral ligament complex consistent with a high-grade partial thickness injury. The deltoid ligaments are difficult to assess. The spring ligament is intact. Intact talocalcaneal ligaments. No evidence of sinus tarsi syndrome.</p>",
    "relevant": "Relevant",
    "handwritten": "false",
    "tieSplitter": "500",
    "bookItemId": 200,
    "courtBookId": 11450
  },
  {
    "id": 441,
    "entryDate": 1696251600000,
    "entryOriginal": "<p>No capacity for pre-accident 'other' activities</p>",
    "entryFinal": "<p style=\"margin: 2px 0;\">No capacity for pre-accident 'other' activities</p>",
    "relevant": "Not Relevant",
    "handwritten": "false",
    "tieSplitter": "501",
    "bookItemId": 203,
    "courtBookId": 11450
  },
  {
    "id": 435,
    "entryDate": 1681221600000,
    "entryOriginal": "<p>He gets flash back-scared of driving </p><p>Right Ankle bimaleolar fracture plate and screws \\nNeuropathic pain</p>",
    "entryFinal": "<p style=\"margin: 2px 0;\">He gets flash back-scared of driving Right Ankle bimaleolar fracture plate and screws \\nNeuropathic pain</p>",
    "relevant": "Relevant",
    "handwritten": "false",
    "tieSplitter": "500",
    "bookItemId": 195,
    "courtBookId": 11450
  },
  {
    "id": 436,
    "entryDate": 1681221600000,
    "entryOriginal": "<p>has no current capacity for any work from 12/04/23 to 12/05/23</p>",
    "entryFinal": "<p style=\"margin: 2px 0;\">has no current capacity for any work from 12/04/23 to 12/05/23</p>",
    "relevant": "Relevant",
    "handwritten": "false",
    "tieSplitter": "501",
    "bookItemId": 196,
    "courtBookId": 11450
  },
  {
    "id": 437,
    "entryDate": 1681826400000,
    "entryOriginal": "<p>Right Ankle MRI</p>",
    "entryFinal": "<p style=\"margin: 2px 0;\">Right Ankle MRI</p>",
    "relevant": "Relevant",
    "handwritten": "false",
    "tieSplitter": "500",
    "bookItemId": 199,
    "courtBookId": 11450
  },
  {
    "id": 433,
    "entryDate": 1663077600000,
    "entryOriginal": "<p>Xray Right Ankle</p><p>ankle fracture plate in situ</p>",
    "entryFinal": "<p style=\"margin: 2px 0;\">Xray Right Ankle ankle fracture plate in situ</p>",
    "relevant": "Not Relevant",
    "handwritten": "false",
    "tieSplitter": "501",
    "bookItemId": 193,
    "courtBookId": 11450
  }
]