[
  {
    "id": 2957,
    "entryDate": 1726149600000,
    "entryOriginal": "<p>Who did you speak to Employer - Mulgundawa Salt </p><p>What did you discuss Reason for resignation </p><p>Summary of conversation E said W did not mention any reason and after unfit certificate he did not show up to work at all, and then sent the text. E also said they forwarded all the required information and there is nothing more they've got to provide. Call was ended.</p>",
    "entryFinal": "<p style=\"margin: 2px 0;\">Who did you speak to Employer - Mulgundawa Salt What did you discuss Reason for resignation Summary of conversation E said W did not mention any reason and after unfit certificate he did not show up to work at all, and then sent the text. E also said they forwarded all the required information and there is nothing more they've got to provide. Call was ended.</p>\n<br>",
    "relevant": "Relevant",
    "handwritten": "false",
    "tieSplitter": "503",
    "bookItemId": 2273,
    "courtBookId": 11661
  },
  {
    "id": 2945,
    "entryDate": 1724767200000,
    "entryOriginal": "<p>I examined you on 28/08/2024 for injury(s)/condition(s) you stated occurred/developed on: 19/08/2024 </p><p>The stated cause was: </p><p>Developed lower back pain radiating to the right leg with numbness and tingling while lifting 25 kg bag at his workplace </p><p>The injury(s)/condition(s) you presented with is/are consistent with your stated cause(s): Yes </p><p>is this a new injury/condition ?: Yes </p><p>My clinical diagnosis/es based on my examination of you and other available information is: </p><p>Acute lower back pain, with nerve compression? Under investigation </p><p>are medically unfit to undertake suitable duties while recovering from your injury for the period: 28/08/2024 to 10/09/2024 are medically unfit to undertake </p><p>Reason: </p><p>Worsening of lower back pain</p><p>I would like to review your progress on 10/09/2024 or at your next medical consultati [ </p><p>The following treatment plan is aimed at assisting your recovery and return to work:</p><p>Counselled about preventive measures </p><p>No lifting of heavy object/no bending of back </p><p>Continued routine activities </p><p>Advise against complete bedrest </p><p>Pain management explain </p><p>Lyrica prescribed for pain medicine </p><p>Side effects explai </p><p>specialist (Name & specialty)</p>",
    "entryFinal": "<br>\n<p style=\"margin: 2px 0;\"><strong>I examined you on 28/08/2024 for injury(s)/condition(s) you stated occurred/developed on:</strong></p>\n<p style=\"margin: 2px 0;\">19/08/2024</p>\n<br>\n<p style=\"margin: 2px 0;\"><strong>The stated cause was:</strong></p>\n<p style=\"margin: 2px 0;\">Developed lower back pain radiating to the right leg with numbness and tingling while lifting 25 kg bag at his workplace</p>\n<br>\n<p style=\"margin: 2px 0;\"><strong>The injury(s)/condition(s) you presented with is/are consistent with your stated cause(s):</strong></p>\n<p style=\"margin: 2px 0;\">Yes</p>\n<br>\n<p style=\"margin: 2px 0;\"><strong>is this a new injury/condition ?:</strong></p>\n<p style=\"margin: 2px 0;\">Yes</p>\n<br>\n<p style=\"margin: 2px 0;\"><strong>My clinical diagnosis/es based on my examination of you and other available information is:</strong></p>\n<p style=\"margin: 2px 0;\">Acute lower back pain, with nerve compression? Under investigation</p>\n<br>\n<p style=\"margin: 2px 0;\"><strong>are medically unfit to undertake suitable duties while recovering from your injury for the period:</strong></p>\n<p style=\"margin: 2px 0;\">28/08/2024 to 10/09/2024 are medically unfit to undertake</p>\n<br>\n<p style=\"margin: 2px 0;\"><strong>Reason:</strong></p>\n<p style=\"margin: 2px 0;\">Worsening of lower back pain I would like to review your progress on 10/09/2024 or at your next medical consultati [</p>\n<br>\n<p style=\"margin: 2px 0;\"><strong>The following treatment plan is aimed at assisting your recovery and return to work:</strong></p>\n<p style=\"margin: 2px 0;\">Counselled about preventive measures No lifting of heavy object/no bending of back Continued routine activities Advise against complete bedrest Pain management explain Lyrica prescribed for pain medicine Side effects explai specialist (Name & specialty)</p>",
    "relevant": "Relevant",
    "handwritten": "false",
    "tieSplitter": "500",
    "bookItemId": 2265,
    "courtBookId": 11661
  },
  {
    "id": 2963,
    "entryDate": 1729515600000,
    "entryOriginal": "<p>Hello Travis, </p><p>I write regarding the recovery of $3,317.70 gross paid to you as part of your work injury benefits package, that you were not entitled to receive. </p><p>Please make payment to the below bank account before 12 November 2024. </p><p>Important information regarding this recovery </p><p>Why do we need to recover these costs? </p><p>We are seeking recovery of payments made, as your Employer paid you from 30 August 2024 to 17 September 2024, which has created an Overpayment to you of $3,317.70 gross. The claim was accepted from 21 August to 29 August 2024. </p><p>We therefore seek to recover the weekly payments made for the period 30 August 2024 to 17 September 2024. </p><p>Please find attached the evidence relied on. This is in accordance with section 201 (1) 1 of the Return to Work Act 2014. </p><p>What tax will I pay? As the overpayment occurred via payments made by your employer, the amount we seek from you is the gross amount of the overpayment. </p><p></p><p>You will need to provide this letter to your Employer in order for them to complete and issue an amended payment summary for the year(s) in which the overpayment occurred which will exclude the overpayment amount with no adjustment to the tax i.e. the tax applicable to the overpayment remains on the payment summary. </p><p></p><p>You may wish to seek advice from the Australian Tax Office (ATO) or a financial consultant in relation to lodging an amended tax return for the relevant year. </p><p></p><p>There are time limits imposed by the ATO within which a reassessment of your taxation liability can be made, please check with the ATO to ascertain what these are. </p><p></p><p>For further information please refer to the ATO website at www.ato.gov.au and their document 'PAYG </p><p>withholding - repayment of overpaid amounts'</p>",
    "entryFinal": "<p style=\"margin: 2px 0;\">Hello Travis, I write regarding the recovery of $3,317.70 gross paid to you as part of your work injury benefits package, that you were not entitled to receive.</p>\n<br>\n<p style=\"margin: 2px 0;\">Please make payment to the below bank account before 12 November 2024.</p>\n<p style=\"margin: 2px 0;\">Important information regarding this recovery Why do we need to recover these costs?</p>\n<p style=\"margin: 2px 0;\">We are seeking recovery of payments made, as your Employer paid you from 30 August 2024 to 17 September 2024, which has created an Overpayment to you of $3,317.70 gross. The claim was accepted from 21 August to 29 August 2024.</p>\n<p style=\"margin: 2px 0;\">We therefore seek to recover the weekly payments made for the period 30 August 2024 to 17 September 2024.</p>\n<p style=\"margin: 2px 0;\">Please find attached the evidence relied on. This is in accordance with section 201 (1) 1 of the Return to Work Act 2014.</p>\n<p style=\"margin: 2px 0;\">What tax will I pay? As the overpayment occurred via payments made by your employer, the amount we seek from you is the gross amount of the overpayment.</p>\n<p style=\"margin: 2px 0;\">You will need to provide this letter to your Employer in order for them to complete and issue an amended payment summary for the year(s) in which the overpayment occurred which will exclude the overpayment amount with no adjustment to the tax i.e. the tax applicable to the overpayment remains on the payment summary.</p>\n<p style=\"margin: 2px 0;\">You may wish to seek advice from the Australian Tax Office (ATO) or a financial consultant in relation to lodging an amended tax return for the relevant year.</p>\n<p style=\"margin: 2px 0;\">There are time limits imposed by the ATO within which a reassessment of your taxation liability can be made, please check with the ATO to ascertain what these are.</p>\n<p style=\"margin: 2px 0;\">For further information please refer to the ATO website at www.ato.gov.au and their document 'PAYG withholding - repayment of overpaid amounts'</p>",
    "relevant": "Relevant",
    "handwritten": "false",
    "tieSplitter": "500",
    "bookItemId": 2277,
    "courtBookId": 11661
  },
  {
    "id": 2942,
    "entryDate": 1726149600000,
    "entryOriginal": "<p>Medical report request from Gallagher Bassett Services to Dr Hafiz Tanveer-Ul-Hassan</p>",
    "entryFinal": "<p style=\"margin: 2px 0;\">Medical report request from Gallagher Bassett Services to Dr Hafiz Tanveer-Ul-Hassan</p>",
    "relevant": "Relevant",
    "handwritten": "false",
    "tieSplitter": "500",
    "bookItemId": 2262,
    "courtBookId": 11661
  },
  {
    "id": 2944,
    "entryDate": 1724421600000,
    "entryOriginal": "<p>THIS IS TO CERTIFY THAT</p><p>Mr Travis Page has a medical condition and will unfit for work from 26/08/24 to 27/08/2024 inclusive</p>",
    "entryFinal": "<br>\n<p style=\"margin: 2px 0;\"><strong>THIS IS TO CERTIFY THAT</strong></p>\n<p style=\"margin: 2px 0;\">Mr Travis Page has a medical condition and will unfit for work from 26/08/24 to 27/08/2024 inclusive</p>",
    "relevant": "Relevant",
    "handwritten": "false",
    "tieSplitter": "500",
    "bookItemId": 2264,
    "courtBookId": 11661
  },
  {
    "id": 2947,
    "entryDate": 1725544800000,
    "entryOriginal": "<p>Hi Pankaj,</p><p>See attached SES attendance forms where Travis Page attended call outs whilst being deemed unfit to perform any duties at work.</p><p>In addition to this he also attended a First aid course at SES after being instructed not to ..</p><p>Mark</p>",
    "entryFinal": "<p style=\"margin: 2px 0;\">Hi Pankaj, See attached SES attendance forms where Travis Page attended call outs whilst being deemed unfit to perform any duties at work.</p>\n<br>\n<p style=\"margin: 2px 0;\">In addition to this he also attended a First aid course at SES after being instructed not to ..</p>\n<p style=\"margin: 2px 0;\">Mark</p>",
    "relevant": "Relevant",
    "handwritten": "false",
    "tieSplitter": "500",
    "bookItemId": 2266,
    "courtBookId": 11661
  },
  {
    "id": 2948,
    "entryDate": 1724076000000,
    "entryOriginal": "<p>Incident description and action taken: </p><p>Houseboat wandering </p><p>Towed to marina</p>",
    "entryFinal": "<br>\n<p style=\"margin: 2px 0;\"><strong>Incident description and action taken:</strong></p>\n<p style=\"margin: 2px 0;\">Houseboat wandering Towed to marina</p>",
    "relevant": "Relevant",
    "handwritten": "false",
    "tieSplitter": "500",
    "bookItemId": 2267,
    "courtBookId": 11661
  },
  {
    "id": 2949,
    "entryDate": 1724508000000,
    "entryOriginal": "<p>Assist SASS with patient off house boat</p>",
    "entryFinal": "<p style=\"margin: 2px 0;\">Assist SASS with patient off house boat</p>",
    "relevant": "Relevant",
    "handwritten": "false",
    "tieSplitter": "500",
    "bookItemId": 2268,
    "courtBookId": 11661
  },
  {
    "id": 2950,
    "entryDate": 1724767200000,
    "entryOriginal": "<p>Incident description and action taken: Tree down</p>",
    "entryFinal": "<br>\n<p style=\"margin: 2px 0;\"><strong>Incident description and action taken:</strong></p>\n<p style=\"margin: 2px 0;\">Tree down</p>",
    "relevant": "Relevant",
    "handwritten": "false",
    "tieSplitter": "501",
    "bookItemId": 2269,
    "courtBookId": 11661
  },
  {
    "id": 2951,
    "entryDate": 1724853600000,
    "entryOriginal": "<p>Incident description and action taken: </p><p>Tree down on house and fence</p>",
    "entryFinal": "<br>\n<p style=\"margin: 2px 0;\"><strong>Incident description and action taken:</strong></p>\n<p style=\"margin: 2px 0;\">Tree down on house and fence</p>",
    "relevant": "Relevant",
    "handwritten": "false",
    "tieSplitter": "500",
    "bookItemId": 2270,
    "courtBookId": 11661
  },
  {
    "id": 2938,
    "entryDate": 1727618400000,
    "entryOriginal": "<p>Claim Form (phone report) - bulging disc L4/L5</p>",
    "entryFinal": "<p style=\"margin: 2px 0;\">Claim Form (phone report) - bulging disc L4/L5</p>",
    "relevant": "Relevant",
    "handwritten": "false",
    "tieSplitter": "500",
    "bookItemId": 2258,
    "courtBookId": 11661
  },
  {
    "id": 2939,
    "entryDate": 1727013600000,
    "entryOriginal": "<p>Disputed Determination of Gallagher Bassett Services - claim accepted for icome and medical benefits for closed period (L3/4, L5/S1 broad based disc bulge)</p>",
    "entryFinal": "<p style=\"margin: 2px 0;\">Disputed Determination of Gallagher Bassett Services - claim accepted for icome and medical benefits for closed period (L3/4, L5/S1 broad based disc bulge)</p>",
    "relevant": "Relevant",
    "handwritten": "false",
    "tieSplitter": "500",
    "bookItemId": 2259,
    "courtBookId": 11661
  },
  {
    "id": 2940,
    "entryDate": 1729170000000,
    "entryOriginal": "<p>Application for Review</p>",
    "entryFinal": "<p style=\"margin: 2px 0;\">Application for Review</p>",
    "relevant": "Relevant",
    "handwritten": "false",
    "tieSplitter": "500",
    "bookItemId": 2260,
    "courtBookId": 11661
  },
  {
    "id": 2941,
    "entryDate": 1730638800000,
    "entryOriginal": "<p>Result of Reconsideration</p>",
    "entryFinal": "<p style=\"margin: 2px 0;\">Result of Reconsideration</p>",
    "relevant": "Relevant",
    "handwritten": "false",
    "tieSplitter": "500",
    "bookItemId": 2261,
    "courtBookId": 11661
  },
  {
    "id": 2953,
    "entryDate": 1725804000000,
    "entryOriginal": "<p>Hey mate I won't be coming back to work I officially resign </p><p>as of today Thanks </p><p>Confirmation confirmed</p>",
    "entryFinal": "<p style=\"margin: 2px 0;\">Hey mate I won't be coming back to work I officially resign as of today Thanks Confirmation confirmed</p>",
    "relevant": "Relevant",
    "handwritten": "false",
    "tieSplitter": "500",
    "bookItemId": 2271,
    "courtBookId": 11661
  },
  {
    "id": 2943,
    "entryDate": 1726495200000,
    "entryOriginal": "<p>Thank you for asking me to write report regarding Mr Travis Brian Page, age 29yrs 1mth, back injury. Please see attached investigation report as well as explanation of your questions. I tried my best to answer your questions in best of my knowledge and information available. </p><p>1. On what date did Travis first consult with you regarding the current Acute lower back pain, with nerve compression? Under investigation symptoms? </p><p>Ans: </p><p>He had first consultation with me regarding acute lower back pain on Wednesday August 21 2024 </p><p>2. Please provide a comprehensive history of Travis's injury as given to you by him, including the reported symptoms and details of any treatment sought for the injury.</p><p>Ans: </p><p>he reported that he developed lower back pain on 19th of August 2024 while lifting 25 KG bags from a conveyer belt to the pallet at his workplace associated with radiation of pain to the right leg with numbness and tingling, pain score was 5 to 6/10, pain worsen with activities like walking, standing and moving around. He denied any issue with his bowel or bladder. He also denied any previous similar injury to his back. He had been managing his pain with Panadol and Nurofen without much effect. At that time, advised to continue with Panadol and Nurofen as required and also prescribed pregabalin at low-dose. He was recommended to avoid bending his back and lifting anything until advised to do so. At same time, I also advised to have CT scan of the lower back.</p><p>3. What are your clinical findings on examination of Travis and are they consistent with the reported history, symptoms and complaints? </p><p>Ans: </p><p>On first consultation, he had following examination findings, Examination: </p><p>Musculo-Skeletal: </p><p>Straight leg raising: Left - 35deg. Right - 30deg. </p><p>Back: not red, not swollen, not hot, tender, no laceration, no contusion, no abrasion, no effusion, restriction present, restricted ROM. </p><p>In my opinion, these clinical findings were consistent with his reported history and complaints. </p><p>4. Please provide your specific diagnosis of Travis's injury and detail how you reached your conclusion (i.e. pathology, clinical examination, results of any radiology etc.). Please provide copies of any test results or imaging reports. </p><p>Ans; </p><p>Depending on history of presentation, presenting complaint and symptoms, clinical examination and investigation report, I reached following diagnosis, </p><p>L3/4, L5/S1 broad-based disc bulge, foraminal stenosis </p><p>L3/4, L5/S1 broad-based disc bulge, spinal canan stenosis </p><p>please see attached investigation reports. </p><p>5. Please provide your detailed opinion as to causation of Travis's current symptoms and injury/condition. In particular, please specify: a) If employment specifically with Australian Saltworks has been a significant cause of the injury; </p><p>b) If there are any non-work related, lifestyle, or constitutional factors that have significantly caused or contributed to the injury, or any other non-work-related factors impacting his return to work </p><p>Ans: </p><p>As mentioned in answer of questioned 2, this injury was occurred while lifting 25 KG bags repeatedly at his workplace. There was no other cause or factor, including nonwork related, lifestyle or constitutional reported by the patient. </p><p>6. Do you consider that Travis's injury is, or results from, an aggravation, exacerbation or worsening of a prior injury or condition? If so please identify: a) The date of onset of the new symptoms. </p><p>b) If the current symptoms are as a result of a natural progression or natural fluctuations of the previous injury or condition? </p><p>c) Whether the previous injury or condition and its symptoms/treatment requirements had completely resolved prior to the onset of the new symptoms. </p><p>d) If the aggravation/exacerbation has ceased, and Travis has returned to his pre-aggravated state? If not, when would you expect this to occur? </p><p>Ans: </p><p>There is neither and evidence of previous similar injury in our record nor reported by the patient. </p><p>7. Do you consider that Travis currently has capacity for his pre-injury employment?8. If not, what is Travis's current capacity for work? Please quantify your response</p><p>a) Hours/day; </p><p>b) Days/week; </p><p>c) Medical restrictions; and </p><p>d) Expected duration of restrictions. </p><p>Ans: </p><p>Currently, he is not fit to perform any duties because of worsening of his back pain while continue lifting things at his workplace against medical advice. Secondly, he still not started any rehabilitation including physiotherapy as recommended earlier. I will review him again on 25th of September 24 and at that time I will consider if he will be able to perform some suitable duties or not. But, I strongly recommend he needs some support and rehabilitation services like physiotherapy or active recovery clinic involvement in his care. However, if no improvement in his condition then I may need to involve spinal surgeon in his care because of central canal stenosis and foraminal stenosis. </p><p>9. What is your prognosis for Travis? </p><p>Ans: </p><p>Most likely, according to his condition, his prognosis will be good but it may take time to recover from current injury. It also depends upon involvement of rehabilitation/specialist services in his care, as needed. </p><p>10. As we noted that Travis had been certified to continue suitable duties until 28/08/2024 and then he has been certified as unfit, did Travis experience an increase of existing </p><p>symptoms, or any additional symptoms following the work incident of 19 August 2024? If so, please detail the change. </p><p>Ans: </p><p>Yes, he presented to me on 28 of August 2024 with worsening of symptoms of lower back pain and radiating to bilateral legs instead of only right side. According to him, he continued lifting at his workplace against medical advice and resulted in aggravation of existing back injury. To avoid further aggravation or exacerbation of his injury, I provided some rest and pain medication. I will review him again on 25th of September 24.</p><p>CT SPINE LUMBOSACRAL </p><p>Summary: </p><p>L3/4 broad-based disc bulge with mild-to-moderate spinal canal narrowing, moderate right neural foraminal stenosis and partial effacement of the bilateral lateral recesses which may irritate the descending L4 nerve roots bilaterally. </p><p>L5/S1 central disc protrusion with mild spinal canal narrowing and mild bilateral neural foraminal stenosis. </p><p>Clinical: </p><p>Lower back pain while lifting heavy material. Radiating to right leg with numbness and tingling, radiculopathy, disc bulging, foraminal stenosis? </p><p>Technique: </p><p>CT lumbar spine </p><p>Findings: </p><p>5 lumbar type vertebral bodies. </p><p>No fracture or focal osseous lesion. </p><p>Pre and post-vertebral soft tissues are within normal limits. </p><p>L1/2: No significant spinal canal or neural foraminal stenosis. No significant facet joint</p>",
    "entryFinal": "<p style=\"margin: 2px 0;\">Thank you for asking me to write report regarding Mr Travis Brian Page, age 29yrs 1mth, back injury. Please see attached investigation report as well as explanation of your questions. I tried my best to answer your questions in best of my knowledge and information available.</p>\n<br>\n<p style=\"margin: 2px 0;\">1. On what date did Travis first consult with you regarding the current Acute lower back pain, with nerve compression? Under investigation symptoms?</p>\n<br>\n<p style=\"margin: 2px 0;\"><strong>Ans:</strong></p>\n<p style=\"margin: 2px 0;\">He had first consultation with me regarding acute lower back pain on Wednesday August 21 2024</p>\n<p style=\"margin: 2px 0;\">2. Please provide a comprehensive history of Travis's injury as given to you by him, including the reported symptoms and details of any treatment sought for the injury.</p>\n<br>\n<p style=\"margin: 2px 0;\"><strong>Ans:</strong></p>\n<p style=\"margin: 2px 0;\">he reported that he developed lower back pain on 19th of August 2024 while lifting 25 KG bags from a conveyer belt to the pallet at his workplace associated with radiation of pain to the right leg with numbness and tingling, pain score was 5 to 6/10, pain worsen with activities like walking, standing and moving around. He denied any issue with his bowel or bladder. He also denied any previous similar injury to his back. He had been managing his pain with Panadol and Nurofen without much effect. At that time, advised to continue with Panadol and Nurofen as required and also prescribed pregabalin at low-dose. He was recommended to avoid bending his back and lifting anything until advised to do so. At same time, I also advised to have CT scan of the lower back.</p>\n<p style=\"margin: 2px 0;\">3. What are your clinical findings on examination of Travis and are they consistent with the reported history, symptoms and complaints?</p>\n<br>\n<p style=\"margin: 2px 0;\"><strong>Ans:</strong></p>\n<br>\n<p style=\"margin: 2px 0;\"><strong>On first consultation, he had following examination findings, Examination:</strong></p>\n<br>\n<p style=\"margin: 2px 0;\"><strong>Musculo-Skeletal:</strong></p>\n<br>\n<p style=\"margin: 2px 0;\"><strong>Straight leg raising:</strong></p>\n<p style=\"margin: 2px 0;\">Left - 35deg. Right - 30deg.</p>\n<br>\n<p style=\"margin: 2px 0;\"><strong>Back:</strong></p>\n<p style=\"margin: 2px 0;\">not red, not swollen, not hot, tender, no laceration, no contusion, no abrasion, no effusion, restriction present, restricted ROM. In my opinion, these clinical findings were consistent with his reported history and complaints.</p>\n<p style=\"margin: 2px 0;\">4. Please provide your specific diagnosis of Travis's injury and detail how you reached your conclusion (i.e. pathology, clinical examination, results of any radiology etc.). Please provide copies of any test results or imaging reports.</p>\n<p style=\"margin: 2px 0;\">Ans; Depending on history of presentation, presenting complaint and symptoms, clinical examination and investigation report, I reached following diagnosis, L3/4, L5/S1 broad-based disc bulge, foraminal stenosis L3/4, L5/S1 broad-based disc bulge, spinal canan stenosis please see attached investigation reports.</p>\n<br>\n<p style=\"margin: 2px 0;\"><strong>5. Please provide your detailed opinion as to causation of Travis's current symptoms and injury/condition. In particular, please specify:</strong></p>\n<p style=\"margin: 2px 0;\">a) If employment specifically with Australian Saltworks has been a significant cause of the injury; b) If there are any non-work related, lifestyle, or constitutional factors that have significantly caused or contributed to the injury, or any other non-work-related factors impacting his return to work</p>\n<br>\n<p style=\"margin: 2px 0;\"><strong>Ans:</strong></p>\n<p style=\"margin: 2px 0;\">As mentioned in answer of questioned 2, this injury was occurred while lifting 25 KG bags repeatedly at his workplace. There was no other cause or factor, including nonwork related, lifestyle or constitutional reported by the patient.</p>\n<br>\n<p style=\"margin: 2px 0;\"><strong>6. Do you consider that Travis's injury is, or results from, an aggravation, exacerbation or worsening of a prior injury or condition? If so please identify:</strong></p>\n<p style=\"margin: 2px 0;\">a) The date of onset of the new symptoms. b) If the current symptoms are as a result of a natural progression or natural fluctuations of the previous injury or condition?</p>\n<p style=\"margin: 2px 0;\">c) Whether the previous injury or condition and its symptoms/treatment requirements had completely resolved prior to the onset of the new symptoms.</p>\n<p style=\"margin: 2px 0;\">d) If the aggravation/exacerbation has ceased, and Travis has returned to his pre-aggravated state? If not, when would you expect this to occur?</p>\n<br>\n<p style=\"margin: 2px 0;\"><strong>Ans:</strong></p>\n<p style=\"margin: 2px 0;\">There is neither and evidence of previous similar injury in our record nor reported by the patient.</p>\n<p style=\"margin: 2px 0;\">7. Do you consider that Travis currently has capacity for his pre-injury employment?8. If not, what is Travis's current capacity for work? Please quantify your response</p>\n<p style=\"margin: 2px 0;\">a) Hours/day; b) Days/week; c) Medical restrictions; and d) Expected duration of restrictions.</p>\n<br>\n<p style=\"margin: 2px 0;\"><strong>Ans:</strong></p>\n<p style=\"margin: 2px 0;\">Currently, he is not fit to perform any duties because of worsening of his back pain while continue lifting things at his workplace against medical advice. Secondly, he still not started any rehabilitation including physiotherapy as recommended earlier. I will review him again on 25th of September 24 and at that time I will consider if he will be able to perform some suitable duties or not. But, I strongly recommend he needs some support and rehabilitation services like physiotherapy or active recovery clinic involvement in his care. However, if no improvement in his condition then I may need to involve spinal surgeon in his care because of central canal stenosis and foraminal stenosis.</p>\n<p style=\"margin: 2px 0;\">9. What is your prognosis for Travis?</p>\n<br>\n<p style=\"margin: 2px 0;\"><strong>Ans:</strong></p>\n<p style=\"margin: 2px 0;\">Most likely, according to his condition, his prognosis will be good but it may take time to recover from current injury. It also depends upon involvement of rehabilitation/specialist services in his care, as needed.</p>\n<p style=\"margin: 2px 0;\">10. As we noted that Travis had been certified to continue suitable duties until 28/08/2024 and then he has been certified as unfit, did Travis experience an increase of existing</p>\n<p style=\"margin: 2px 0;\">symptoms, or any additional symptoms following the work incident of 19 August 2024? If so, please detail the change.</p>\n<br>\n<p style=\"margin: 2px 0;\"><strong>Ans:</strong></p>\n<p style=\"margin: 2px 0;\">Yes, he presented to me on 28 of August 2024 with worsening of symptoms of lower back pain and radiating to bilateral legs instead of only right side. According to him, he continued lifting at his workplace against medical advice and resulted in aggravation of existing back injury. To avoid further aggravation or exacerbation of his injury, I provided some rest and pain medication. I will review him again on 25th of September 24.</p>\n<br>\n<p style=\"margin: 2px 0;\"><strong>CT SPINE LUMBOSACRAL</strong></p>\n<br>\n<p style=\"margin: 2px 0;\"><strong>Summary:</strong></p>\n<p style=\"margin: 2px 0;\">L3/4 broad-based disc bulge with mild-to-moderate spinal canal narrowing, moderate right neural foraminal stenosis and partial effacement of the bilateral lateral recesses which may irritate the descending L4 nerve roots bilaterally.</p>\n<p style=\"margin: 2px 0;\">L5/S1 central disc protrusion with mild spinal canal narrowing and mild bilateral neural foraminal stenosis.</p>\n<br>\n<p style=\"margin: 2px 0;\"><strong>Clinical:</strong></p>\n<p style=\"margin: 2px 0;\">Lower back pain while lifting heavy material. Radiating to right leg with numbness and tingling, radiculopathy, disc bulging, foraminal stenosis?</p>\n<br>\n<p style=\"margin: 2px 0;\"><strong>Technique:</strong></p>\n<p style=\"margin: 2px 0;\">CT lumbar spine</p>\n<br>\n<p style=\"margin: 2px 0;\"><strong>Findings:</strong></p>\n<p style=\"margin: 2px 0;\">5 lumbar type vertebral bodies.</p>\n<p style=\"margin: 2px 0;\">No fracture or focal osseous lesion.</p>\n<p style=\"margin: 2px 0;\">Pre and post-vertebral soft tissues are within normal limits.</p>\n<p style=\"margin: 2px 0;\">L1/2: No significant spinal canal or neural foraminal stenosis. No significant facet joint</p>",
    "relevant": "Relevant",
    "handwritten": "false",
    "tieSplitter": "500",
    "bookItemId": 2263,
    "courtBookId": 11661
  },
  {
    "id": 2952,
    "entryDate": 1725804000000,
    "entryOriginal": "<p>Good Afternoon Mark, </p><p>Hope this finds you well. </p><p>Could you please advise us about the Travis employment. </p><p>Was he forced to leave the employment or did he resign by himself ? please advise. We are still reviewing the claim, however require information for the determination. Please don't hesitate to contact me if you have any queries or if I can assist you with anything further.</p>",
    "entryFinal": "<p style=\"margin: 2px 0;\">Good Afternoon Mark, Hope this finds you well.</p>\n<br>\n<p style=\"margin: 2px 0;\">Could you please advise us about the Travis employment.</p>\n<p style=\"margin: 2px 0;\">Was he forced to leave the employment or did he resign by himself ? please advise. We are still reviewing the claim, however require information for the determination. Please don't hesitate to contact me if you have any queries or if I can assist you with anything further.</p>",
    "relevant": "Relevant",
    "handwritten": "false",
    "tieSplitter": "501",
    "bookItemId": 2271,
    "courtBookId": 11661
  },
  {
    "id": 2955,
    "entryDate": 1726149600000,
    "entryOriginal": "<p>Hi Inoka, </p><p>As per phone call and information supplied earlier - we received his resignation by text. </p><p>Regards Mark</p>",
    "entryFinal": "<p style=\"margin: 2px 0;\">Hi Inoka, As per phone call and information supplied earlier - we received his resignation by text.</p>\n<br>\n<p style=\"margin: 2px 0;\">Regards Mark</p>",
    "relevant": "Relevant",
    "handwritten": "false",
    "tieSplitter": "501",
    "bookItemId": 2271,
    "courtBookId": 11661
  },
  {
    "id": 2959,
    "entryDate": 1726581600000,
    "entryOriginal": "<p>Who did you speak to Worker - Travis Page </p><p>What did you discuss Further IS status and clarification around resignation </p><p>Summary of conversation EO contacted W to notify the status of the claim. EO also asked if the W had capacity and he was offered an employment back at his pre-injury Employer, whether he would like to take part in it. W said No. W said he does not want go back. He had a cremation of his father, just reminding how they treated him before, he does not feel like he can go there again. He said he does not have an intention report a psych claim but he does not want to deal with them anymore. EO asked from W whether E offered suitable work, and W explained it was not light duties and he still bent and had to pack things, sweep floor and those things made his injury worse. EO explained the worker that she is aiming to finalize the claim and would provide an update soon. And EO also explained review rights as the W asked the possibility of his claim been approved.</p>",
    "entryFinal": "<p style=\"margin: 2px 0;\">Who did you speak to Worker - Travis Page What did you discuss Further IS status and clarification around resignation Summary of conversation EO contacted W to notify the status of the claim. EO also asked if the W had capacity and he was offered an employment back at his pre-injury Employer, whether he would like to take part in it. W said No. W said he does not want go back. He had a cremation of his father, just reminding how they treated him before, he does not feel like he can go there again. He said he does not have an intention report a psych claim but he does not want to deal with them anymore. EO asked from W whether E offered suitable work, and W explained it was not light duties and he still bent and had to pack things, sweep floor and those things made his injury worse. EO explained the worker that she is aiming to finalize the claim and would provide an update soon. And EO also explained review rights as the W asked the possibility of his claim been approved.</p>\n<br>",
    "relevant": "Relevant",
    "handwritten": "false",
    "tieSplitter": "500",
    "bookItemId": 2275,
    "courtBookId": 11661
  },
  {
    "id": 2956,
    "entryDate": 1726149600000,
    "entryOriginal": "<p>Who did you speak to Worker - Travis Page </p><p>What did you discuss Reason for resignation </p><p>Summary of conversation EO contacted W to check the reason for resignation. Then W explained he had previous mental health issues and it got worse after this injury, when his employer, safety supervisors cornered him asking all sorts of questions around this injury. Walso said that he knew they were planning to sack him anyway, therefore, he resigned before that. W mentioned his work place might argue how this injury happened but his GP has clearly mentioned on the certificate that this is work related. EO asked whether W has another job and W said he did some volunteer work before and not doing anymore due to this injury now. EO informed that she will review these details and get back to the W soon. W thanked and call was ended.</p>",
    "entryFinal": "<p style=\"margin: 2px 0;\">Who did you speak to Worker - Travis Page What did you discuss Reason for resignation Summary of conversation EO contacted W to check the reason for resignation. Then W explained he had previous mental health issues and it got worse after this injury, when his employer, safety supervisors cornered him asking all sorts of questions around this injury. Walso said that he knew they were planning to sack him anyway, therefore, he resigned before that. W mentioned his work place might argue how this injury happened but his GP has clearly mentioned on the certificate that this is work related. EO asked whether W has another job and W said he did some volunteer work before and not doing anymore due to this injury now. EO informed that she will review these details and get back to the W soon. W thanked and call was ended.</p>\n<br>",
    "relevant": "Relevant",
    "handwritten": "false",
    "tieSplitter": "502",
    "bookItemId": 2272,
    "courtBookId": 11661
  },
  {
    "id": 2958,
    "entryDate": 1726495200000,
    "entryOriginal": "<p>Hello Travis, </p><p>I write to confirm you have accepted the offer of interim benefits for income payments and medical expenses. </p><p>Interim income payments will be paid to you at the rate of $1,276.04 gross per week, whilst your claim is being determined. </p><p>Interim payments will cover your medical expenses for your reported injury from 5 September 2024 whilst your claim is being determined. </p><p>How will I get paid? </p><p>Your employer has been advised to make weekly interim payments directly to you from 21 August 2024. </p><p>Interim weekly payments are generally made in line with an employer's usual pay periods. Please contact us if you have any questions about when you will receive payment. </p><p>Any invoices we receive for the reasonable treatment of Bulging disc L4/L5, received on and following 5 September 2024, will be covered until such time that the claim is determined. </p><p>By advising that you accept Interim Payments, you acknowledge that if it is established that you were not </p><p>entitled to all or some of these interim payments, we are entitled to recover that amount from you as a debT. </p><p>We will advise as soon as the claim has been determined.</p>",
    "entryFinal": "<p style=\"margin: 2px 0;\">Hello Travis, I write to confirm you have accepted the offer of interim benefits for income payments and medical expenses.</p>\n<br>\n<p style=\"margin: 2px 0;\">Interim income payments will be paid to you at the rate of $1,276.04 gross per week, whilst your claim is being determined.</p>\n<p style=\"margin: 2px 0;\">Interim payments will cover your medical expenses for your reported injury from 5 September 2024 whilst your claim is being determined.</p>\n<p style=\"margin: 2px 0;\">How will I get paid?</p>\n<p style=\"margin: 2px 0;\">Your employer has been advised to make weekly interim payments directly to you from 21 August 2024.</p>\n<p style=\"margin: 2px 0;\">Interim weekly payments are generally made in line with an employer's usual pay periods. Please contact us if you have any questions about when you will receive payment.</p>\n<p style=\"margin: 2px 0;\">Any invoices we receive for the reasonable treatment of Bulging disc L4/L5, received on and following 5 September 2024, will be covered until such time that the claim is determined.</p>\n<p style=\"margin: 2px 0;\">By advising that you accept Interim Payments, you acknowledge that if it is established that you were not entitled to all or some of these interim payments, we are entitled to recover that amount from you as a debT.</p>\n<p style=\"margin: 2px 0;\">We will advise as soon as the claim has been determined.</p>",
    "relevant": "Relevant",
    "handwritten": "false",
    "tieSplitter": "501",
    "bookItemId": 2274,
    "courtBookId": 11661
  },
  {
    "id": 2964,
    "entryDate": 1724162400000,
    "entryOriginal": "",
    "entryFinal": "<p>CT SPINE LUMBOSACRAL</p>\n<p>Summary:</p>\n<p>L3/4 broad-based disc bulge with mild-to-moderate spinal canal narrowing, moderate right neural foraminal stenosis and partial effacement of the bilateral lateral recesses which</p>\n<p>may irritate the descending L4 nerve roots bilaterally.</p>\n<p>L5/S1 central disc protrusion with mild spinal canal narrowing and mild bilateral neural foraminal stenosis.</p>\n",
    "relevant": "Relevant",
    "handwritten": "false",
    "tieSplitter": "500",
    "bookItemId": 2263,
    "courtBookId": 11661
  },
  {
    "id": 2961,
    "entryDate": 1726581600000,
    "entryOriginal": "<p>Hi Jodie, </p><p>Can you please confirm me the working status of Travis from 21/08/2024 to 28/08/2024. Worked 6hrs 21/8/24, 22/8/24 worked 7.6, worked 7.6 23/8/24. Modified Duties </p><p>We noted that he was certified for suitable duties from 21/08 to 28/08 by his GP. Yes. </p><p>Did he come to work for this noted period? </p><p>21/8 - 23/8 only (hours above </p><p>Did he notify the company about his restrictions noted by his GP?\\</p><p>es ASW attend the doctor with Travis </p><p>If he did not report to work, what days were they?</p><p>On the 26th and 27th he had a doctor's certificate - did ring in regarding certificate ( went back to a different doctor without ASW staff) </p><p>Did he notify the company about a reason for his absence etc? </p><p>Yes provided certificate. </p><p>What sort of duties he continued for the period that he came to work, after this incident. </p><p>Modified as per DRS request </p><p>Please don't hesitate to contact me if you have any queries or if I can assist you with anything </p><p>further. </p><p>Kindest regards,</p>",
    "entryFinal": "<p style=\"margin: 2px 0;\">Hi Jodie, Can you please confirm me the working status of Travis from 21/08/2024 to 28/08/2024. Worked 6hrs 21/8/24, 22/8/24 worked 7.6, worked 7.6 23/8/24. Modified Duties We noted that he was certified for suitable duties from 21/08 to 28/08 by his GP. Yes.</p>\n<br>\n<p style=\"margin: 2px 0;\">Did he come to work for this noted period?</p>\n<p style=\"margin: 2px 0;\">21/8 - 23/8 only (hours above Did he notify the company about his restrictions noted by his GP?\\ es ASW attend the doctor with Travis If he did not report to work, what days were they?</p>\n<p style=\"margin: 2px 0;\">On the 26th and 27th he had a doctor's certificate - did ring in regarding certificate ( went back to a different doctor without ASW staff) Did he notify the company about a reason for his absence etc?</p>\n<p style=\"margin: 2px 0;\">Yes provided certificate.</p>\n<p style=\"margin: 2px 0;\">What sort of duties he continued for the period that he came to work, after this incident.</p>\n<p style=\"margin: 2px 0;\">Modified as per DRS request Please don't hesitate to contact me if you have any queries or if I can assist you with anything further.</p>\n<p style=\"margin: 2px 0;\">Kindest regards,</p>",
    "relevant": "Relevant",
    "handwritten": "false",
    "tieSplitter": "501",
    "bookItemId": 2276,
    "courtBookId": 11661
  }
]