[
  {
    "id": 2987,
    "entryDate": 1741093200000,
    "entryOriginal": "",
    "entryFinal": "<header><h2>Ambulance Report - sample 1</h2></header><ul><li>Inconclusive Response</li></ul>",
    "relevant": "Relevant",
    "handwritten": "false",
    "tieSplitter": "500",
    "bookItemId": 1,
    "courtBookId": 11410
  },
  {
    "id": 2,
    "entryDate": 1566050400000,
    "entryOriginal": "<p>osteopath - neck and muscular treatment ,tension headache </p><p>[ physiotherapy - right shoulder treatment ,rom and strengtenning exercise \\nneurologist for cognitive function assessment and management \\npsychologist for PTSD treatment \\nhand physiotherapist -wrist and finger splint</p>",
    "entryFinal": "<header><h2>Certificate of Capacity - sample 1</h2></header><ul><li>Inconclusive Response</li></ul>",
    "relevant": "Relevant",
    "handwritten": "false",
    "tieSplitter": "500",
    "bookItemId": 2,
    "courtBookId": 11410
  }
]